Year,College,Branch,Category,Rank
2021,BMSIT,ISE,OBC,16104
2021,BMSIT,ISE,OBC,16094
2021,BMSIT,ISE,OBC,16084
2021,BMSIT,ISE,OBC,16074
2021,BMSIT,ISE,OBC,16064
2021,BMSIT,ISE,OBC,16054
2021,BMSIT,ISE,OBC,16044
2021,BMSIT,ISE,OBC,16034
2021,BMSIT,ISE,OBC,16024
2021,BMSIT,ISE,OBC,16014
2021,BMSIT,ISE,OBC,16004
2021,BMSIT,ISE,OBC,15994
2021,BMSIT,ISE,OBC,15984
2021,BMSIT,ISE,OBC,15974
2021,BMSIT,ISE,OBC,15964
2021,BMSIT,ISE,OBC,15954
2021,BMSIT,ISE,OBC,15944
2021,BMSIT,ISE,OBC,15934
2021,BMSIT,ISE,OBC,15924
2021,BMSIT,ISE,OBC,15914
2021,BMSIT,ISE,OBC,15904
2021,BMSIT,ISE,OBC,15894
2021,BMSIT,ISE,OBC,15884
2021,BMSIT,ISE,OBC,15874
2021,BMSIT,ISE,OBC,15864
2021,BMSIT,ISE,OBC,15854
2021,BMSIT,ISE,OBC,15844
2021,BMSIT,ISE,OBC,15834
2021,BMSIT,ISE,OBC,15824
2021,BMSIT,ISE,OBC,15814
2021,BMSIT,ISE,OBC,15804
2021,BMSIT,ISE,OBC,15794
2021,BMSIT,ISE,OBC,15784
2021,BMSIT,ISE,OBC,15774
2021,BMSIT,ISE,OBC,15764
2022,BMSIT,ISE,OBC,15039
2022,BMSIT,ISE,OBC,15029
2022,BMSIT,ISE,OBC,15019
2022,BMSIT,ISE,OBC,15009
2022,BMSIT,ISE,OBC,14999
2022,BMSIT,ISE,OBC,14989
2022,BMSIT,ISE,OBC,14979
2022,BMSIT,ISE,OBC,14969
2022,BMSIT,ISE,OBC,14959
2022,BMSIT,ISE,OBC,14949
2022,BMSIT,ISE,OBC,14939
2022,BMSIT,ISE,OBC,14929
2022,BMSIT,ISE,OBC,14919
2022,BMSIT,ISE,OBC,14909
2022,BMSIT,ISE,OBC,14899
2022,BMSIT,ISE,OBC,14889
2022,BMSIT,ISE,OBC,14879
2022,BMSIT,ISE,OBC,14869
2022,BMSIT,ISE,OBC,14859
2022,BMSIT,ISE,OBC,14849
2022,BMSIT,ISE,OBC,14839
2022,BMSIT,ISE,OBC,14829
2022,BMSIT,ISE,OBC,14819
2022,BMSIT,ISE,OBC,14809
2022,BMSIT,ISE,OBC,14799
2022,BMSIT,ISE,OBC,14789
2022,BMSIT,ISE,OBC,14779
2022,BMSIT,ISE,OBC,14769
2022,BMSIT,ISE,OBC,14759
2022,BMSIT,ISE,OBC,14749
2022,BMSIT,ISE,OBC,14739
2022,BMSIT,ISE,OBC,14729
2022,BMSIT,ISE,OBC,14719
2022,BMSIT,ISE,OBC,14709
2022,BMSIT,ISE,OBC,14699
2021,MSRIT,ISE,OBC,3904
2021,MSRIT,ISE,OBC,3894
2021,MSRIT,ISE,OBC,3884
2021,MSRIT,ISE,OBC,3874
2021,MSRIT,ISE,OBC,3864
2021,MSRIT,ISE,OBC,3854
2021,MSRIT,ISE,OBC,3844
2021,MSRIT,ISE,OBC,3834
2021,MSRIT,ISE,OBC,3824
2021,MSRIT,ISE,OBC,3814
2021,MSRIT,ISE,OBC,3804
2021,MSRIT,ISE,OBC,3794
2021,MSRIT,ISE,OBC,3784
2021,MSRIT,ISE,OBC,3774
2021,MSRIT,ISE,OBC,3764
2021,MSRIT,ISE,OBC,3754
2021,MSRIT,ISE,OBC,3744
2021,MSRIT,ISE,OBC,3734
2021,MSRIT,ISE,OBC,3724
2021,MSRIT,ISE,OBC,3714
2021,MSRIT,ISE,OBC,3704
2021,MSRIT,ISE,OBC,3694
2021,MSRIT,ISE,OBC,3684
2021,MSRIT,ISE,OBC,3674
2021,MSRIT,ISE,OBC,3664
2021,MSRIT,ISE,OBC,3654
2021,MSRIT,ISE,OBC,3644
2021,MSRIT,ISE,OBC,3634
2021,MSRIT,ISE,OBC,3624
2021,MSRIT,ISE,OBC,3614
2021,MSRIT,ISE,OBC,3604
2021,MSRIT,ISE,OBC,3594
2021,MSRIT,ISE,OBC,3584
2021,MSRIT,ISE,OBC,3574
2021,MSRIT,ISE,OBC,3564
2022,MSRIT,ISE,OBC,6024
2022,MSRIT,ISE,OBC,6014
2022,MSRIT,ISE,OBC,6004
2022,MSRIT,ISE,OBC,5994
2022,MSRIT,ISE,OBC,5984
2022,MSRIT,ISE,OBC,5974
2022,MSRIT,ISE,OBC,5964
2022,MSRIT,ISE,OBC,5954
2022,MSRIT,ISE,OBC,5944
2022,MSRIT,ISE,OBC,5934
2022,MSRIT,ISE,OBC,5924
2022,MSRIT,ISE,OBC,5914
2022,MSRIT,ISE,OBC,5904
2022,MSRIT,ISE,OBC,5894
2022,MSRIT,ISE,OBC,5884
2022,MSRIT,ISE,OBC,5874
2022,MSRIT,ISE,OBC,5864
2022,MSRIT,ISE,OBC,5854
2022,MSRIT,ISE,OBC,5844
2022,MSRIT,ISE,OBC,5834
2022,MSRIT,ISE,OBC,5824
2022,MSRIT,ISE,OBC,5814
2022,MSRIT,ISE,OBC,5804
2022,MSRIT,ISE,OBC,5794
2022,MSRIT,ISE,OBC,5784
2022,MSRIT,ISE,OBC,5774
2022,MSRIT,ISE,OBC,5764
2022,MSRIT,ISE,OBC,5754
2022,MSRIT,ISE,OBC,5744
2022,MSRIT,ISE,OBC,5734
2022,MSRIT,ISE,OBC,5724
2022,MSRIT,ISE,OBC,5714
2022,MSRIT,ISE,OBC,5704
2022,MSRIT,ISE,OBC,5694
2022,MSRIT,ISE,OBC,5684
2021,BMSCE,ISE,OBC,3584
2021,BMSCE,ISE,OBC,3574
2021,BMSCE,ISE,OBC,3564
2021,BMSCE,ISE,OBC,3554
2021,BMSCE,ISE,OBC,3544
2021,BMSCE,ISE,OBC,3534
2021,BMSCE,ISE,OBC,3524
2021,BMSCE,ISE,OBC,3514
2021,BMSCE,ISE,OBC,3504
2021,BMSCE,ISE,OBC,3494
2021,BMSCE,ISE,OBC,3484
2021,BMSCE,ISE,OBC,3474
2021,BMSCE,ISE,OBC,3464
2021,BMSCE,ISE,OBC,3454
2021,BMSCE,ISE,OBC,3444
2021,BMSCE,ISE,OBC,3434
2021,BMSCE,ISE,OBC,3424
2021,BMSCE,ISE,OBC,3414
2021,BMSCE,ISE,OBC,3404
2021,BMSCE,ISE,OBC,3394
2021,BMSCE,ISE,OBC,3384
2021,BMSCE,ISE,OBC,3374
2021,BMSCE,ISE,OBC,3364
2021,BMSCE,ISE,OBC,3354
2021,BMSCE,ISE,OBC,3344
2021,BMSCE,ISE,OBC,3334
2021,BMSCE,ISE,OBC,3324
2021,BMSCE,ISE,OBC,3314
2021,BMSCE,ISE,OBC,3304
2021,BMSCE,ISE,OBC,3294
2021,BMSCE,ISE,OBC,3284
2021,BMSCE,ISE,OBC,3274
2021,BMSCE,ISE,OBC,3264
2021,BMSCE,ISE,OBC,3254
2021,BMSCE,ISE,OBC,3244
2022,BMSCE,ISE,OBC,5444
2022,BMSCE,ISE,OBC,5434
2022,BMSCE,ISE,OBC,5424
2022,BMSCE,ISE,OBC,5414
2022,BMSCE,ISE,OBC,5404
2022,BMSCE,ISE,OBC,5394
2022,BMSCE,ISE,OBC,5384
2022,BMSCE,ISE,OBC,5374
2022,BMSCE,ISE,OBC,5364
2022,BMSCE,ISE,OBC,5354
2022,BMSCE,ISE,OBC,5344
2022,BMSCE,ISE,OBC,5334
2022,BMSCE,ISE,OBC,5324
2022,BMSCE,ISE,OBC,5314
2022,BMSCE,ISE,OBC,5304
2022,BMSCE,ISE,OBC,5294
2022,BMSCE,ISE,OBC,5284
2022,BMSCE,ISE,OBC,5274
2022,BMSCE,ISE,OBC,5264
2022,BMSCE,ISE,OBC,5254
2022,BMSCE,ISE,OBC,5244
2022,BMSCE,ISE,OBC,5234
2022,BMSCE,ISE,OBC,5224
2022,BMSCE,ISE,OBC,5214
2022,BMSCE,ISE,OBC,5204
2022,BMSCE,ISE,OBC,5194
2022,BMSCE,ISE,OBC,5184
2022,BMSCE,ISE,OBC,5174
2022,BMSCE,ISE,OBC,5164
2022,BMSCE,ISE,OBC,5154
2022,BMSCE,ISE,OBC,5144
2022,BMSCE,ISE,OBC,5134
2022,BMSCE,ISE,OBC,5124
2022,BMSCE,ISE,OBC,5114
2022,BMSCE,ISE,OBC,5104
2021,RVCE,ISE,OBC,1223
2021,RVCE,ISE,OBC,1213
2021,RVCE,ISE,OBC,1203
2021,RVCE,ISE,OBC,1193
2021,RVCE,ISE,OBC,1183
2021,RVCE,ISE,OBC,1173
2021,RVCE,ISE,OBC,1163
2021,RVCE,ISE,OBC,1153
2021,RVCE,ISE,OBC,1143
2021,RVCE,ISE,OBC,1133
2021,RVCE,ISE,OBC,1123
2021,RVCE,ISE,OBC,1113
2021,RVCE,ISE,OBC,1103
2021,RVCE,ISE,OBC,1093
2021,RVCE,ISE,OBC,1083
2021,RVCE,ISE,OBC,1073
2021,RVCE,ISE,OBC,1063
2021,RVCE,ISE,OBC,1053
2021,RVCE,ISE,OBC,1043
2021,RVCE,ISE,OBC,1033
2021,RVCE,ISE,OBC,1023
2021,RVCE,ISE,OBC,1013
2021,RVCE,ISE,OBC,1003
2021,RVCE,ISE,OBC,993
2021,RVCE,ISE,OBC,983
2021,RVCE,ISE,OBC,973
2021,RVCE,ISE,OBC,963
2021,RVCE,ISE,OBC,953
2021,RVCE,ISE,OBC,943
2021,RVCE,ISE,OBC,933
2021,RVCE,ISE,OBC,923
2021,RVCE,ISE,OBC,913
2021,RVCE,ISE,OBC,903
2021,RVCE,ISE,OBC,893
2021,RVCE,ISE,OBC,883
2022,RVCE,ISE,OBC,1701
2022,RVCE,ISE,OBC,1691
2022,RVCE,ISE,OBC,1681
2022,RVCE,ISE,OBC,1671
2022,RVCE,ISE,OBC,1661
2022,RVCE,ISE,OBC,1651
2022,RVCE,ISE,OBC,1641
2022,RVCE,ISE,OBC,1631
2022,RVCE,ISE,OBC,1621
2022,RVCE,ISE,OBC,1611
2022,RVCE,ISE,OBC,1601
2022,RVCE,ISE,OBC,1591
2022,RVCE,ISE,OBC,1581
2022,RVCE,ISE,OBC,1571
2022,RVCE,ISE,OBC,1561
2022,RVCE,ISE,OBC,1551
2022,RVCE,ISE,OBC,1541
2022,RVCE,ISE,OBC,1531
2022,RVCE,ISE,OBC,1521
2022,RVCE,ISE,OBC,1511
2022,RVCE,ISE,OBC,1501
2022,RVCE,ISE,OBC,1491
2022,RVCE,ISE,OBC,1481
2022,RVCE,ISE,OBC,1471
2022,RVCE,ISE,OBC,1461
2022,RVCE,ISE,OBC,1451
2022,RVCE,ISE,OBC,1441
2022,RVCE,ISE,OBC,1431
2022,RVCE,ISE,OBC,1421
2022,RVCE,ISE,OBC,1411
2022,RVCE,ISE,OBC,1401
2022,RVCE,ISE,OBC,1391
2022,RVCE,ISE,OBC,1381
2022,RVCE,ISE,OBC,1371
2022,RVCE,ISE,OBC,1361
2021,DSCE,ISE,OBC,9387
2021,DSCE,ISE,OBC,9377
2021,DSCE,ISE,OBC,9367
2021,DSCE,ISE,OBC,9357
2021,DSCE,ISE,OBC,9347
2021,DSCE,ISE,OBC,9337
2021,DSCE,ISE,OBC,9327
2021,DSCE,ISE,OBC,9317
2021,DSCE,ISE,OBC,9307
2021,DSCE,ISE,OBC,9297
2021,DSCE,ISE,OBC,9287
2021,DSCE,ISE,OBC,9277
2021,DSCE,ISE,OBC,9267
2021,DSCE,ISE,OBC,9257
2021,DSCE,ISE,OBC,9247
2021,DSCE,ISE,OBC,9237
2021,DSCE,ISE,OBC,9227
2021,DSCE,ISE,OBC,9217
2021,DSCE,ISE,OBC,9207
2021,DSCE,ISE,OBC,9197
2021,DSCE,ISE,OBC,9187
2021,DSCE,ISE,OBC,9177
2021,DSCE,ISE,OBC,9167
2021,DSCE,ISE,OBC,9157
2021,DSCE,ISE,OBC,9147
2021,DSCE,ISE,OBC,9137
2021,DSCE,ISE,OBC,9127
2021,DSCE,ISE,OBC,9117
2021,DSCE,ISE,OBC,9107
2021,DSCE,ISE,OBC,9097
2021,DSCE,ISE,OBC,9087
2021,DSCE,ISE,OBC,9077
2021,DSCE,ISE,OBC,9067
2021,DSCE,ISE,OBC,9057
2021,DSCE,ISE,OBC,9047
2022,DSCE,ISE,OBC,12872
2022,DSCE,ISE,OBC,12862
2022,DSCE,ISE,OBC,12852
2022,DSCE,ISE,OBC,12842
2022,DSCE,ISE,OBC,12832
2022,DSCE,ISE,OBC,12822
2022,DSCE,ISE,OBC,12812
2022,DSCE,ISE,OBC,12802
2022,DSCE,ISE,OBC,12792
2022,DSCE,ISE,OBC,12782
2022,DSCE,ISE,OBC,12772
2022,DSCE,ISE,OBC,12762
2022,DSCE,ISE,OBC,12752
2022,DSCE,ISE,OBC,12742
2022,DSCE,ISE,OBC,12732
2022,DSCE,ISE,OBC,12722
2022,DSCE,ISE,OBC,12712
2022,DSCE,ISE,OBC,12702
2022,DSCE,ISE,OBC,12692
2022,DSCE,ISE,OBC,12682
2022,DSCE,ISE,OBC,12672
2022,DSCE,ISE,OBC,12662
2022,DSCE,ISE,OBC,12652
2022,DSCE,ISE,OBC,12642
2022,DSCE,ISE,OBC,12632
2022,DSCE,ISE,OBC,12622
2022,DSCE,ISE,OBC,12612
2022,DSCE,ISE,OBC,12602
2022,DSCE,ISE,OBC,12592
2022,DSCE,ISE,OBC,12582
2022,DSCE,ISE,OBC,12572
2022,DSCE,ISE,OBC,12562
2022,DSCE,ISE,OBC,12552
2022,DSCE,ISE,OBC,12542
2022,DSCE,ISE,OBC,12532
2021,BIT,ISE,OBC,10593
2021,BIT,ISE,OBC,10583
2021,BIT,ISE,OBC,10573
2021,BIT,ISE,OBC,10563
2021,BIT,ISE,OBC,10553
2021,BIT,ISE,OBC,10543
2021,BIT,ISE,OBC,10533
2021,BIT,ISE,OBC,10523
2021,BIT,ISE,OBC,10513
2021,BIT,ISE,OBC,10503
2021,BIT,ISE,OBC,10493
2021,BIT,ISE,OBC,10483
2021,BIT,ISE,OBC,10473
2021,BIT,ISE,OBC,10463
2021,BIT,ISE,OBC,10453
2021,BIT,ISE,OBC,10443
2021,BIT,ISE,OBC,10433
2021,BIT,ISE,OBC,10423
2021,BIT,ISE,OBC,10413
2021,BIT,ISE,OBC,10403
2021,BIT,ISE,OBC,10393
2021,BIT,ISE,OBC,10383
2021,BIT,ISE,OBC,10373
2021,BIT,ISE,OBC,10363
2021,BIT,ISE,OBC,10353
2021,BIT,ISE,OBC,10343
2021,BIT,ISE,OBC,10333
2021,BIT,ISE,OBC,10323
2021,BIT,ISE,OBC,10313
2021,BIT,ISE,OBC,10303
2021,BIT,ISE,OBC,10293
2021,BIT,ISE,OBC,10283
2021,BIT,ISE,OBC,10273
2021,BIT,ISE,OBC,10263
2021,BIT,ISE,OBC,10253
2022,BIT,ISE,OBC,13531
2022,BIT,ISE,OBC,13521
2022,BIT,ISE,OBC,13511
2022,BIT,ISE,OBC,13501
2022,BIT,ISE,OBC,13491
2022,BIT,ISE,OBC,13481
2022,BIT,ISE,OBC,13471
2022,BIT,ISE,OBC,13461
2022,BIT,ISE,OBC,13451
2022,BIT,ISE,OBC,13441
2022,BIT,ISE,OBC,13431
2022,BIT,ISE,OBC,13421
2022,BIT,ISE,OBC,13411
2022,BIT,ISE,OBC,13401
2022,BIT,ISE,OBC,13391
2022,BIT,ISE,OBC,13381
2022,BIT,ISE,OBC,13371
2022,BIT,ISE,OBC,13361
2022,BIT,ISE,OBC,13351
2022,BIT,ISE,OBC,13341
2022,BIT,ISE,OBC,13331
2022,BIT,ISE,OBC,13321
2022,BIT,ISE,OBC,13311
2022,BIT,ISE,OBC,13301
2022,BIT,ISE,OBC,13291
2022,BIT,ISE,OBC,13281
2022,BIT,ISE,OBC,13271
2022,BIT,ISE,OBC,13261
2022,BIT,ISE,OBC,13251
2022,BIT,ISE,OBC,13241
2022,BIT,ISE,OBC,13231
2022,BIT,ISE,OBC,13221
2022,BIT,ISE,OBC,13211
2022,BIT,ISE,OBC,13201
2022,BIT,ISE,OBC,13191
2021,JSSCE,ISE,OBC,8162
2021,JSSCE,ISE,OBC,8152
2021,JSSCE,ISE,OBC,8142
2021,JSSCE,ISE,OBC,8132
2021,JSSCE,ISE,OBC,8122
2021,JSSCE,ISE,OBC,8112
2021,JSSCE,ISE,OBC,8102
2021,JSSCE,ISE,OBC,8092
2021,JSSCE,ISE,OBC,8082
2021,JSSCE,ISE,OBC,8072
2021,JSSCE,ISE,OBC,8062
2021,JSSCE,ISE,OBC,8052
2021,JSSCE,ISE,OBC,8042
2021,JSSCE,ISE,OBC,8032
2021,JSSCE,ISE,OBC,8022
2021,JSSCE,ISE,OBC,8012
2021,JSSCE,ISE,OBC,8002
2021,JSSCE,ISE,OBC,7992
2021,JSSCE,ISE,OBC,7982
2021,JSSCE,ISE,OBC,7972
2021,JSSCE,ISE,OBC,7962
2021,JSSCE,ISE,OBC,7952
2021,JSSCE,ISE,OBC,7942
2021,JSSCE,ISE,OBC,7932
2021,JSSCE,ISE,OBC,7922
2021,JSSCE,ISE,OBC,7912
2021,JSSCE,ISE,OBC,7902
2021,JSSCE,ISE,OBC,7892
2021,JSSCE,ISE,OBC,7882
2021,JSSCE,ISE,OBC,7872
2021,JSSCE,ISE,OBC,7862
2021,JSSCE,ISE,OBC,7852
2021,JSSCE,ISE,OBC,7842
2021,JSSCE,ISE,OBC,7832
2021,JSSCE,ISE,OBC,7822
2022,JSSCE,ISE,OBC,7439
2022,JSSCE,ISE,OBC,7429
2022,JSSCE,ISE,OBC,7419
2022,JSSCE,ISE,OBC,7409
2022,JSSCE,ISE,OBC,7399
2022,JSSCE,ISE,OBC,7389
2022,JSSCE,ISE,OBC,7379
2022,JSSCE,ISE,OBC,7369
2022,JSSCE,ISE,OBC,7359
2022,JSSCE,ISE,OBC,7349
2022,JSSCE,ISE,OBC,7339
2022,JSSCE,ISE,OBC,7329
2022,JSSCE,ISE,OBC,7319
2022,JSSCE,ISE,OBC,7309
2022,JSSCE,ISE,OBC,7299
2022,JSSCE,ISE,OBC,7289
2022,JSSCE,ISE,OBC,7279
2022,JSSCE,ISE,OBC,7269
2022,JSSCE,ISE,OBC,7259
2022,JSSCE,ISE,OBC,7249
2022,JSSCE,ISE,OBC,7239
2022,JSSCE,ISE,OBC,7229
2022,JSSCE,ISE,OBC,7219
2022,JSSCE,ISE,OBC,7209
2022,JSSCE,ISE,OBC,7199
2022,JSSCE,ISE,OBC,7189
2022,JSSCE,ISE,OBC,7179
2022,JSSCE,ISE,OBC,7169
2022,JSSCE,ISE,OBC,7159
2022,JSSCE,ISE,OBC,7149
2022,JSSCE,ISE,OBC,7139
2022,JSSCE,ISE,OBC,7129
2022,JSSCE,ISE,OBC,7119
2022,JSSCE,ISE,OBC,7109
2022,JSSCE,ISE,OBC,7099
2021,NIE,ISE,OBC,11166
2021,NIE,ISE,OBC,11156
2021,NIE,ISE,OBC,11146
2021,NIE,ISE,OBC,11136
2021,NIE,ISE,OBC,11126
2021,NIE,ISE,OBC,11116
2021,NIE,ISE,OBC,11106
2021,NIE,ISE,OBC,11096
2021,NIE,ISE,OBC,11086
2021,NIE,ISE,OBC,11076
2021,NIE,ISE,OBC,11066
2021,NIE,ISE,OBC,11056
2021,NIE,ISE,OBC,11046
2021,NIE,ISE,OBC,11036
2021,NIE,ISE,OBC,11026
2021,NIE,ISE,OBC,11016
2021,NIE,ISE,OBC,11006
2021,NIE,ISE,OBC,10996
2021,NIE,ISE,OBC,10986
2021,NIE,ISE,OBC,10976
2021,NIE,ISE,OBC,10966
2021,NIE,ISE,OBC,10956
2021,NIE,ISE,OBC,10946
2021,NIE,ISE,OBC,10936
2021,NIE,ISE,OBC,10926
2021,NIE,ISE,OBC,10916
2021,NIE,ISE,OBC,10906
2021,NIE,ISE,OBC,10896
2021,NIE,ISE,OBC,10886
2021,NIE,ISE,OBC,10876
2021,NIE,ISE,OBC,10866
2021,NIE,ISE,OBC,10856
2021,NIE,ISE,OBC,10846
2021,NIE,ISE,OBC,10836
2021,NIE,ISE,OBC,10826
2022,NIE,ISE,OBC,11666
2022,NIE,ISE,OBC,11656
2022,NIE,ISE,OBC,11646
2022,NIE,ISE,OBC,11636
2022,NIE,ISE,OBC,11626
2022,NIE,ISE,OBC,11616
2022,NIE,ISE,OBC,11606
2022,NIE,ISE,OBC,11596
2022,NIE,ISE,OBC,11586
2022,NIE,ISE,OBC,11576
2022,NIE,ISE,OBC,11566
2022,NIE,ISE,OBC,11556
2022,NIE,ISE,OBC,11546
2022,NIE,ISE,OBC,11536
2022,NIE,ISE,OBC,11526
2022,NIE,ISE,OBC,11516
2022,NIE,ISE,OBC,11506
2022,NIE,ISE,OBC,11496
2022,NIE,ISE,OBC,11486
2022,NIE,ISE,OBC,11476
2022,NIE,ISE,OBC,11466
2022,NIE,ISE,OBC,11456
2022,NIE,ISE,OBC,11446
2022,NIE,ISE,OBC,11436
2022,NIE,ISE,OBC,11426
2022,NIE,ISE,OBC,11416
2022,NIE,ISE,OBC,11406
2022,NIE,ISE,OBC,11396
2022,NIE,ISE,OBC,11386
2022,NIE,ISE,OBC,11376
2022,NIE,ISE,OBC,11366
2022,NIE,ISE,OBC,11356
2022,NIE,ISE,OBC,11346
2022,NIE,ISE,OBC,11336
2022,NIE,ISE,OBC,11326
2021,MSRUAS,ISE,OBC,28938
2021,MSRUAS,ISE,OBC,28928
2021,MSRUAS,ISE,OBC,28918
2021,MSRUAS,ISE,OBC,28908
2021,MSRUAS,ISE,OBC,28898
2021,MSRUAS,ISE,OBC,28888
2021,MSRUAS,ISE,OBC,28878
2021,MSRUAS,ISE,OBC,28868
2021,MSRUAS,ISE,OBC,28858
2021,MSRUAS,ISE,OBC,28848
2021,MSRUAS,ISE,OBC,28838
2021,MSRUAS,ISE,OBC,28828
2021,MSRUAS,ISE,OBC,28818
2021,MSRUAS,ISE,OBC,28808
2021,MSRUAS,ISE,OBC,28798
2021,MSRUAS,ISE,OBC,28788
2021,MSRUAS,ISE,OBC,28778
2021,MSRUAS,ISE,OBC,28768
2021,MSRUAS,ISE,OBC,28758
2021,MSRUAS,ISE,OBC,28748
2021,MSRUAS,ISE,OBC,28738
2021,MSRUAS,ISE,OBC,28728
2021,MSRUAS,ISE,OBC,28718
2021,MSRUAS,ISE,OBC,28708
2021,MSRUAS,ISE,OBC,28698
2021,MSRUAS,ISE,OBC,28688
2021,MSRUAS,ISE,OBC,28678
2021,MSRUAS,ISE,OBC,28668
2021,MSRUAS,ISE,OBC,28658
2021,MSRUAS,ISE,OBC,28648
2021,MSRUAS,ISE,OBC,28638
2021,MSRUAS,ISE,OBC,28628
2021,MSRUAS,ISE,OBC,28618
2021,MSRUAS,ISE,OBC,28608
2021,MSRUAS,ISE,OBC,28598
2022,MSRUAS,ISE,OBC,24937
2022,MSRUAS,ISE,OBC,24927
2022,MSRUAS,ISE,OBC,24917
2022,MSRUAS,ISE,OBC,24907
2022,MSRUAS,ISE,OBC,24897
2022,MSRUAS,ISE,OBC,24887
2022,MSRUAS,ISE,OBC,24877
2022,MSRUAS,ISE,OBC,24867
2022,MSRUAS,ISE,OBC,24857
2022,MSRUAS,ISE,OBC,24847
2022,MSRUAS,ISE,OBC,24837
2022,MSRUAS,ISE,OBC,24827
2022,MSRUAS,ISE,OBC,24817
2022,MSRUAS,ISE,OBC,24807
2022,MSRUAS,ISE,OBC,24797
2022,MSRUAS,ISE,OBC,24787
2022,MSRUAS,ISE,OBC,24777
2022,MSRUAS,ISE,OBC,24767
2022,MSRUAS,ISE,OBC,24757
2022,MSRUAS,ISE,OBC,24747
2022,MSRUAS,ISE,OBC,24737
2022,MSRUAS,ISE,OBC,24727
2022,MSRUAS,ISE,OBC,24717
2022,MSRUAS,ISE,OBC,24707
2022,MSRUAS,ISE,OBC,24697
2022,MSRUAS,ISE,OBC,24687
2022,MSRUAS,ISE,OBC,24677
2022,MSRUAS,ISE,OBC,24667
2022,MSRUAS,ISE,OBC,24657
2022,MSRUAS,ISE,OBC,24647
2022,MSRUAS,ISE,OBC,24637
2022,MSRUAS,ISE,OBC,24627
2022,MSRUAS,ISE,OBC,24617
2022,MSRUAS,ISE,OBC,24607
2022,MSRUAS,ISE,OBC,24597
2021,DSAT KANAKAPURA,ISE,OBC,32392
2021,DSAT KANAKAPURA,ISE,OBC,32382
2021,DSAT KANAKAPURA,ISE,OBC,32372
2021,DSAT KANAKAPURA,ISE,OBC,32362
2021,DSAT KANAKAPURA,ISE,OBC,32352
2021,DSAT KANAKAPURA,ISE,OBC,32342
2021,DSAT KANAKAPURA,ISE,OBC,32332
2021,DSAT KANAKAPURA,ISE,OBC,32322
2021,DSAT KANAKAPURA,ISE,OBC,32312
2021,DSAT KANAKAPURA,ISE,OBC,32302
2021,DSAT KANAKAPURA,ISE,OBC,32292
2021,DSAT KANAKAPURA,ISE,OBC,32282
2021,DSAT KANAKAPURA,ISE,OBC,32272
2021,DSAT KANAKAPURA,ISE,OBC,32262
2021,DSAT KANAKAPURA,ISE,OBC,32252
2021,DSAT KANAKAPURA,ISE,OBC,32242
2021,DSAT KANAKAPURA,ISE,OBC,32232
2021,DSAT KANAKAPURA,ISE,OBC,32222
2021,DSAT KANAKAPURA,ISE,OBC,32212
2021,DSAT KANAKAPURA,ISE,OBC,32202
2021,DSAT KANAKAPURA,ISE,OBC,32192
2021,DSAT KANAKAPURA,ISE,OBC,32182
2021,DSAT KANAKAPURA,ISE,OBC,32172
2021,DSAT KANAKAPURA,ISE,OBC,32162
2021,DSAT KANAKAPURA,ISE,OBC,32152
2021,DSAT KANAKAPURA,ISE,OBC,32142
2021,DSAT KANAKAPURA,ISE,OBC,32132
2021,DSAT KANAKAPURA,ISE,OBC,32122
2021,DSAT KANAKAPURA,ISE,OBC,32112
2021,DSAT KANAKAPURA,ISE,OBC,32102
2021,DSAT KANAKAPURA,ISE,OBC,32092
2021,DSAT KANAKAPURA,ISE,OBC,32082
2021,DSAT KANAKAPURA,ISE,OBC,32072
2021,DSAT KANAKAPURA,ISE,OBC,32062
2021,DSAT KANAKAPURA,ISE,OBC,32052
2022,DSAT KANAKAPURA,ISE,OBC,36507
2022,DSAT KANAKAPURA,ISE,OBC,36497
2022,DSAT KANAKAPURA,ISE,OBC,36487
2022,DSAT KANAKAPURA,ISE,OBC,36477
2022,DSAT KANAKAPURA,ISE,OBC,36467
2022,DSAT KANAKAPURA,ISE,OBC,36457
2022,DSAT KANAKAPURA,ISE,OBC,36447
2022,DSAT KANAKAPURA,ISE,OBC,36437
2022,DSAT KANAKAPURA,ISE,OBC,36427
2022,DSAT KANAKAPURA,ISE,OBC,36417
2022,DSAT KANAKAPURA,ISE,OBC,36407
2022,DSAT KANAKAPURA,ISE,OBC,36397
2022,DSAT KANAKAPURA,ISE,OBC,36387
2022,DSAT KANAKAPURA,ISE,OBC,36377
2022,DSAT KANAKAPURA,ISE,OBC,36367
2022,DSAT KANAKAPURA,ISE,OBC,36357
2022,DSAT KANAKAPURA,ISE,OBC,36347
2022,DSAT KANAKAPURA,ISE,OBC,36337
2022,DSAT KANAKAPURA,ISE,OBC,36327
2022,DSAT KANAKAPURA,ISE,OBC,36317
2022,DSAT KANAKAPURA,ISE,OBC,36307
2022,DSAT KANAKAPURA,ISE,OBC,36297
2022,DSAT KANAKAPURA,ISE,OBC,36287
2022,DSAT KANAKAPURA,ISE,OBC,36277
2022,DSAT KANAKAPURA,ISE,OBC,36267
2022,DSAT KANAKAPURA,ISE,OBC,36257
2022,DSAT KANAKAPURA,ISE,OBC,36247
2022,DSAT KANAKAPURA,ISE,OBC,36237
2022,DSAT KANAKAPURA,ISE,OBC,36227
2022,DSAT KANAKAPURA,ISE,OBC,36217
2022,DSAT KANAKAPURA,ISE,OBC,36207
2022,DSAT KANAKAPURA,ISE,OBC,36197
2022,DSAT KANAKAPURA,ISE,OBC,36187
2022,DSAT KANAKAPURA,ISE,OBC,36177
2022,DSAT KANAKAPURA,ISE,OBC,36167
2021,RVIT,ISE,OBC,19518
2021,RVIT,ISE,OBC,19508
2021,RVIT,ISE,OBC,19498
2021,RVIT,ISE,OBC,19488
2021,RVIT,ISE,OBC,19478
2021,RVIT,ISE,OBC,19468
2021,RVIT,ISE,OBC,19458
2021,RVIT,ISE,OBC,19448
2021,RVIT,ISE,OBC,19438
2021,RVIT,ISE,OBC,19428
2021,RVIT,ISE,OBC,19418
2021,RVIT,ISE,OBC,19408
2021,RVIT,ISE,OBC,19398
2021,RVIT,ISE,OBC,19388
2021,RVIT,ISE,OBC,19378
2021,RVIT,ISE,OBC,19368
2021,RVIT,ISE,OBC,19358
2021,RVIT,ISE,OBC,19348
2021,RVIT,ISE,OBC,19338
2021,RVIT,ISE,OBC,19328
2021,RVIT,ISE,OBC,19318
2021,RVIT,ISE,OBC,19308
2021,RVIT,ISE,OBC,19298
2021,RVIT,ISE,OBC,19288
2021,RVIT,ISE,OBC,19278
2021,RVIT,ISE,OBC,19268
2021,RVIT,ISE,OBC,19258
2021,RVIT,ISE,OBC,19248
2021,RVIT,ISE,OBC,19238
2021,RVIT,ISE,OBC,19228
2021,RVIT,ISE,OBC,19218
2021,RVIT,ISE,OBC,19208
2021,RVIT,ISE,OBC,19198
2021,RVIT,ISE,OBC,19188
2021,RVIT,ISE,OBC,19178
2022,RVIT,ISE,OBC,22549
2022,RVIT,ISE,OBC,22539
2022,RVIT,ISE,OBC,22529
2022,RVIT,ISE,OBC,22519
2022,RVIT,ISE,OBC,22509
2022,RVIT,ISE,OBC,22499
2022,RVIT,ISE,OBC,22489
2022,RVIT,ISE,OBC,22479
2022,RVIT,ISE,OBC,22469
2022,RVIT,ISE,OBC,22459
2022,RVIT,ISE,OBC,22449
2022,RVIT,ISE,OBC,22439
2022,RVIT,ISE,OBC,22429
2022,RVIT,ISE,OBC,22419
2022,RVIT,ISE,OBC,22409
2022,RVIT,ISE,OBC,22399
2022,RVIT,ISE,OBC,22389
2022,RVIT,ISE,OBC,22379
2022,RVIT,ISE,OBC,22369
2022,RVIT,ISE,OBC,22359
2022,RVIT,ISE,OBC,22349
2022,RVIT,ISE,OBC,22339
2022,RVIT,ISE,OBC,22329
2022,RVIT,ISE,OBC,22319
2022,RVIT,ISE,OBC,22309
2022,RVIT,ISE,OBC,22299
2022,RVIT,ISE,OBC,22289
2022,RVIT,ISE,OBC,22279
2022,RVIT,ISE,OBC,22269
2022,RVIT,ISE,OBC,22259
2022,RVIT,ISE,OBC,22249
2022,RVIT,ISE,OBC,22239
2022,RVIT,ISE,OBC,22229
2022,RVIT,ISE,OBC,22219
2022,RVIT,ISE,OBC,22209
2021,AIT,ISE,OBC,30233
2021,AIT,ISE,OBC,30223
2021,AIT,ISE,OBC,30213
2021,AIT,ISE,OBC,30203
2021,AIT,ISE,OBC,30193
2021,AIT,ISE,OBC,30183
2021,AIT,ISE,OBC,30173
2021,AIT,ISE,OBC,30163
2021,AIT,ISE,OBC,30153
2021,AIT,ISE,OBC,30143
2021,AIT,ISE,OBC,30133
2021,AIT,ISE,OBC,30123
2021,AIT,ISE,OBC,30113
2021,AIT,ISE,OBC,30103
2021,AIT,ISE,OBC,30093
2021,AIT,ISE,OBC,30083
2021,AIT,ISE,OBC,30073
2021,AIT,ISE,OBC,30063
2021,AIT,ISE,OBC,30053
2021,AIT,ISE,OBC,30043
2021,AIT,ISE,OBC,30033
2021,AIT,ISE,OBC,30023
2021,AIT,ISE,OBC,30013
2021,AIT,ISE,OBC,30003
2021,AIT,ISE,OBC,29993
2021,AIT,ISE,OBC,29983
2021,AIT,ISE,OBC,29973
2021,AIT,ISE,OBC,29963
2021,AIT,ISE,OBC,29953
2021,AIT,ISE,OBC,29943
2021,AIT,ISE,OBC,29933
2021,AIT,ISE,OBC,29923
2021,AIT,ISE,OBC,29913
2021,AIT,ISE,OBC,29903
2021,AIT,ISE,OBC,29893
2022,AIT,ISE,OBC,37040
2022,AIT,ISE,OBC,37030
2022,AIT,ISE,OBC,37020
2022,AIT,ISE,OBC,37010
2022,AIT,ISE,OBC,37000
2022,AIT,ISE,OBC,36990
2022,AIT,ISE,OBC,36980
2022,AIT,ISE,OBC,36970
2022,AIT,ISE,OBC,36960
2022,AIT,ISE,OBC,36950
2022,AIT,ISE,OBC,36940
2022,AIT,ISE,OBC,36930
2022,AIT,ISE,OBC,36920
2022,AIT,ISE,OBC,36910
2022,AIT,ISE,OBC,36900
2022,AIT,ISE,OBC,36890
2022,AIT,ISE,OBC,36880
2022,AIT,ISE,OBC,36870
2022,AIT,ISE,OBC,36860
2022,AIT,ISE,OBC,36850
2022,AIT,ISE,OBC,36840
2022,AIT,ISE,OBC,36830
2022,AIT,ISE,OBC,36820
2022,AIT,ISE,OBC,36810
2022,AIT,ISE,OBC,36800
2022,AIT,ISE,OBC,36790
2022,AIT,ISE,OBC,36780
2022,AIT,ISE,OBC,36770
2022,AIT,ISE,OBC,36760
2022,AIT,ISE,OBC,36750
2022,AIT,ISE,OBC,36740
2022,AIT,ISE,OBC,36730
2022,AIT,ISE,OBC,36720
2022,AIT,ISE,OBC,36710
2022,AIT,ISE,OBC,36700
2021,RNSIT,ISE,OBC,18874
2021,RNSIT,ISE,OBC,18864
2021,RNSIT,ISE,OBC,18854
2021,RNSIT,ISE,OBC,18844
2021,RNSIT,ISE,OBC,18834
2021,RNSIT,ISE,OBC,18824
2021,RNSIT,ISE,OBC,18814
2021,RNSIT,ISE,OBC,18804
2021,RNSIT,ISE,OBC,18794
2021,RNSIT,ISE,OBC,18784
2021,RNSIT,ISE,OBC,18774
2021,RNSIT,ISE,OBC,18764
2021,RNSIT,ISE,OBC,18754
2021,RNSIT,ISE,OBC,18744
2021,RNSIT,ISE,OBC,18734
2021,RNSIT,ISE,OBC,18724
2021,RNSIT,ISE,OBC,18714
2021,RNSIT,ISE,OBC,18704
2021,RNSIT,ISE,OBC,18694
2021,RNSIT,ISE,OBC,18684
2021,RNSIT,ISE,OBC,18674
2021,RNSIT,ISE,OBC,18664
2021,RNSIT,ISE,OBC,18654
2021,RNSIT,ISE,OBC,18644
2021,RNSIT,ISE,OBC,18634
2021,RNSIT,ISE,OBC,18624
2021,RNSIT,ISE,OBC,18614
2021,RNSIT,ISE,OBC,18604
2021,RNSIT,ISE,OBC,18594
2021,RNSIT,ISE,OBC,18584
2021,RNSIT,ISE,OBC,18574
2021,RNSIT,ISE,OBC,18564
2021,RNSIT,ISE,OBC,18554
2021,RNSIT,ISE,OBC,18544
2021,RNSIT,ISE,OBC,18534
2022,RNSIT,ISE,OBC,20120
2022,RNSIT,ISE,OBC,20110
2022,RNSIT,ISE,OBC,20100
2022,RNSIT,ISE,OBC,20090
2022,RNSIT,ISE,OBC,20080
2022,RNSIT,ISE,OBC,20070
2022,RNSIT,ISE,OBC,20060
2022,RNSIT,ISE,OBC,20050
2022,RNSIT,ISE,OBC,20040
2022,RNSIT,ISE,OBC,20030
2022,RNSIT,ISE,OBC,20020
2022,RNSIT,ISE,OBC,20010
2022,RNSIT,ISE,OBC,20000
2022,RNSIT,ISE,OBC,19990
2022,RNSIT,ISE,OBC,19980
2022,RNSIT,ISE,OBC,19970
2022,RNSIT,ISE,OBC,19960
2022,RNSIT,ISE,OBC,19950
2022,RNSIT,ISE,OBC,19940
2022,RNSIT,ISE,OBC,19930
2022,RNSIT,ISE,OBC,19920
2022,RNSIT,ISE,OBC,19910
2022,RNSIT,ISE,OBC,19900
2022,RNSIT,ISE,OBC,19890
2022,RNSIT,ISE,OBC,19880
2022,RNSIT,ISE,OBC,19870
2022,RNSIT,ISE,OBC,19860
2022,RNSIT,ISE,OBC,19850
2022,RNSIT,ISE,OBC,19840
2022,RNSIT,ISE,OBC,19830
2022,RNSIT,ISE,OBC,19820
2022,RNSIT,ISE,OBC,19810
2022,RNSIT,ISE,OBC,19800
2022,RNSIT,ISE,OBC,19790
2022,RNSIT,ISE,OBC,19780
2021,REVA,ISE,OBC,28947
2021,REVA,ISE,OBC,28937
2021,REVA,ISE,OBC,28927
2021,REVA,ISE,OBC,28917
2021,REVA,ISE,OBC,28907
2021,REVA,ISE,OBC,28897
2021,REVA,ISE,OBC,28887
2021,REVA,ISE,OBC,28877
2021,REVA,ISE,OBC,28867
2021,REVA,ISE,OBC,28857
2021,REVA,ISE,OBC,28847
2021,REVA,ISE,OBC,28837
2021,REVA,ISE,OBC,28827
2021,REVA,ISE,OBC,28817
2021,REVA,ISE,OBC,28807
2021,REVA,ISE,OBC,28797
2021,REVA,ISE,OBC,28787
2021,REVA,ISE,OBC,28777
2021,REVA,ISE,OBC,28767
2021,REVA,ISE,OBC,28757
2021,REVA,ISE,OBC,28747
2021,REVA,ISE,OBC,28737
2021,REVA,ISE,OBC,28727
2021,REVA,ISE,OBC,28717
2021,REVA,ISE,OBC,28707
2021,REVA,ISE,OBC,28697
2021,REVA,ISE,OBC,28687
2021,REVA,ISE,OBC,28677
2021,REVA,ISE,OBC,28667
2021,REVA,ISE,OBC,28657
2021,REVA,ISE,OBC,28647
2021,REVA,ISE,OBC,28637
2021,REVA,ISE,OBC,28627
2021,REVA,ISE,OBC,28617
2021,REVA,ISE,OBC,28607
2022,REVA,ISE,OBC,20674
2022,REVA,ISE,OBC,20664
2022,REVA,ISE,OBC,20654
2022,REVA,ISE,OBC,20644
2022,REVA,ISE,OBC,20634
2022,REVA,ISE,OBC,20624
2022,REVA,ISE,OBC,20614
2022,REVA,ISE,OBC,20604
2022,REVA,ISE,OBC,20594
2022,REVA,ISE,OBC,20584
2022,REVA,ISE,OBC,20574
2022,REVA,ISE,OBC,20564
2022,REVA,ISE,OBC,20554
2022,REVA,ISE,OBC,20544
2022,REVA,ISE,OBC,20534
2022,REVA,ISE,OBC,20524
2022,REVA,ISE,OBC,20514
2022,REVA,ISE,OBC,20504
2022,REVA,ISE,OBC,20494
2022,REVA,ISE,OBC,20484
2022,REVA,ISE,OBC,20474
2022,REVA,ISE,OBC,20464
2022,REVA,ISE,OBC,20454
2022,REVA,ISE,OBC,20444
2022,REVA,ISE,OBC,20434
2022,REVA,ISE,OBC,20424
2022,REVA,ISE,OBC,20414
2022,REVA,ISE,OBC,20404
2022,REVA,ISE,OBC,20394
2022,REVA,ISE,OBC,20384
2022,REVA,ISE,OBC,20374
2022,REVA,ISE,OBC,20364
2022,REVA,ISE,OBC,20354
2022,REVA,ISE,OBC,20344
2022,REVA,ISE,OBC,20334
2021,OXFORD,ISE,OBC,52860
2021,OXFORD,ISE,OBC,52850
2021,OXFORD,ISE,OBC,52840
2021,OXFORD,ISE,OBC,52830
2021,OXFORD,ISE,OBC,52820
2021,OXFORD,ISE,OBC,52810
2021,OXFORD,ISE,OBC,52800
2021,OXFORD,ISE,OBC,52790
2021,OXFORD,ISE,OBC,52780
2021,OXFORD,ISE,OBC,52770
2021,OXFORD,ISE,OBC,52760
2021,OXFORD,ISE,OBC,52750
2021,OXFORD,ISE,OBC,52740
2021,OXFORD,ISE,OBC,52730
2021,OXFORD,ISE,OBC,52720
2021,OXFORD,ISE,OBC,52710
2021,OXFORD,ISE,OBC,52700
2021,OXFORD,ISE,OBC,52690
2021,OXFORD,ISE,OBC,52680
2021,OXFORD,ISE,OBC,52670
2021,OXFORD,ISE,OBC,52660
2021,OXFORD,ISE,OBC,52650
2021,OXFORD,ISE,OBC,52640
2021,OXFORD,ISE,OBC,52630
2021,OXFORD,ISE,OBC,52620
2021,OXFORD,ISE,OBC,52610
2021,OXFORD,ISE,OBC,52600
2021,OXFORD,ISE,OBC,52590
2021,OXFORD,ISE,OBC,52580
2021,OXFORD,ISE,OBC,52570
2021,OXFORD,ISE,OBC,52560
2021,OXFORD,ISE,OBC,52550
2021,OXFORD,ISE,OBC,52540
2021,OXFORD,ISE,OBC,52530
2021,OXFORD,ISE,OBC,52520
2022,OXFORD,ISE,OBC,59424
2022,OXFORD,ISE,OBC,59414
2022,OXFORD,ISE,OBC,59404
2022,OXFORD,ISE,OBC,59394
2022,OXFORD,ISE,OBC,59384
2022,OXFORD,ISE,OBC,59374
2022,OXFORD,ISE,OBC,59364
2022,OXFORD,ISE,OBC,59354
2022,OXFORD,ISE,OBC,59344
2022,OXFORD,ISE,OBC,59334
2022,OXFORD,ISE,OBC,59324
2022,OXFORD,ISE,OBC,59314
2022,OXFORD,ISE,OBC,59304
2022,OXFORD,ISE,OBC,59294
2022,OXFORD,ISE,OBC,59284
2022,OXFORD,ISE,OBC,59274
2022,OXFORD,ISE,OBC,59264
2022,OXFORD,ISE,OBC,59254
2022,OXFORD,ISE,OBC,59244
2022,OXFORD,ISE,OBC,59234
2022,OXFORD,ISE,OBC,59224
2022,OXFORD,ISE,OBC,59214
2022,OXFORD,ISE,OBC,59204
2022,OXFORD,ISE,OBC,59194
2022,OXFORD,ISE,OBC,59184
2022,OXFORD,ISE,OBC,59174
2022,OXFORD,ISE,OBC,59164
2022,OXFORD,ISE,OBC,59154
2022,OXFORD,ISE,OBC,59144
2022,OXFORD,ISE,OBC,59134
2022,OXFORD,ISE,OBC,59124
2022,OXFORD,ISE,OBC,59114
2022,OXFORD,ISE,OBC,59104
2022,OXFORD,ISE,OBC,59094
2022,OXFORD,ISE,OBC,59084
2021,MCE,ISE,OBC,41316
2021,MCE,ISE,OBC,41306
2021,MCE,ISE,OBC,41296
2021,MCE,ISE,OBC,41286
2021,MCE,ISE,OBC,41276
2021,MCE,ISE,OBC,41266
2021,MCE,ISE,OBC,41256
2021,MCE,ISE,OBC,41246
2021,MCE,ISE,OBC,41236
2021,MCE,ISE,OBC,41226
2021,MCE,ISE,OBC,41216
2021,MCE,ISE,OBC,41206
2021,MCE,ISE,OBC,41196
2021,MCE,ISE,OBC,41186
2021,MCE,ISE,OBC,41176
2021,MCE,ISE,OBC,41166
2021,MCE,ISE,OBC,41156
2021,MCE,ISE,OBC,41146
2021,MCE,ISE,OBC,41136
2021,MCE,ISE,OBC,41126
2021,MCE,ISE,OBC,41116
2021,MCE,ISE,OBC,41106
2021,MCE,ISE,OBC,41096
2021,MCE,ISE,OBC,41086
2021,MCE,ISE,OBC,41076
2021,MCE,ISE,OBC,41066
2021,MCE,ISE,OBC,41056
2021,MCE,ISE,OBC,41046
2021,MCE,ISE,OBC,41036
2021,MCE,ISE,OBC,41026
2021,MCE,ISE,OBC,41016
2021,MCE,ISE,OBC,41006
2021,MCE,ISE,OBC,40996
2021,MCE,ISE,OBC,40986
2021,MCE,ISE,OBC,40976
2022,MCE,ISE,OBC,33780
2022,MCE,ISE,OBC,33770
2022,MCE,ISE,OBC,33760
2022,MCE,ISE,OBC,33750
2022,MCE,ISE,OBC,33740
2022,MCE,ISE,OBC,33730
2022,MCE,ISE,OBC,33720
2022,MCE,ISE,OBC,33710
2022,MCE,ISE,OBC,33700
2022,MCE,ISE,OBC,33690
2022,MCE,ISE,OBC,33680
2022,MCE,ISE,OBC,33670
2022,MCE,ISE,OBC,33660
2022,MCE,ISE,OBC,33650
2022,MCE,ISE,OBC,33640
2022,MCE,ISE,OBC,33630
2022,MCE,ISE,OBC,33620
2022,MCE,ISE,OBC,33610
2022,MCE,ISE,OBC,33600
2022,MCE,ISE,OBC,33590
2022,MCE,ISE,OBC,33580
2022,MCE,ISE,OBC,33570
2022,MCE,ISE,OBC,33560
2022,MCE,ISE,OBC,33550
2022,MCE,ISE,OBC,33540
2022,MCE,ISE,OBC,33530
2022,MCE,ISE,OBC,33520
2022,MCE,ISE,OBC,33510
2022,MCE,ISE,OBC,33500
2022,MCE,ISE,OBC,33490
2022,MCE,ISE,OBC,33480
2022,MCE,ISE,OBC,33470
2022,MCE,ISE,OBC,33460
2022,MCE,ISE,OBC,33450
2022,MCE,ISE,OBC,33440
2021,NMIT,ISE,OBC,18277
2021,NMIT,ISE,OBC,18267
2021,NMIT,ISE,OBC,18257
2021,NMIT,ISE,OBC,18247
2021,NMIT,ISE,OBC,18237
2021,NMIT,ISE,OBC,18227
2021,NMIT,ISE,OBC,18217
2021,NMIT,ISE,OBC,18207
2021,NMIT,ISE,OBC,18197
2021,NMIT,ISE,OBC,18187
2021,NMIT,ISE,OBC,18177
2021,NMIT,ISE,OBC,18167
2021,NMIT,ISE,OBC,18157
2021,NMIT,ISE,OBC,18147
2021,NMIT,ISE,OBC,18137
2021,NMIT,ISE,OBC,18127
2021,NMIT,ISE,OBC,18117
2021,NMIT,ISE,OBC,18107
2021,NMIT,ISE,OBC,18097
2021,NMIT,ISE,OBC,18087
2021,NMIT,ISE,OBC,18077
2021,NMIT,ISE,OBC,18067
2021,NMIT,ISE,OBC,18057
2021,NMIT,ISE,OBC,18047
2021,NMIT,ISE,OBC,18037
2021,NMIT,ISE,OBC,18027
2021,NMIT,ISE,OBC,18017
2021,NMIT,ISE,OBC,18007
2021,NMIT,ISE,OBC,17997
2021,NMIT,ISE,OBC,17987
2021,NMIT,ISE,OBC,17977
2021,NMIT,ISE,OBC,17967
2021,NMIT,ISE,OBC,17957
2021,NMIT,ISE,OBC,17947
2021,NMIT,ISE,OBC,17937
2022,NMIT,ISE,OBC,19114
2022,NMIT,ISE,OBC,19104
2022,NMIT,ISE,OBC,19094
2022,NMIT,ISE,OBC,19084
2022,NMIT,ISE,OBC,19074
2022,NMIT,ISE,OBC,19064
2022,NMIT,ISE,OBC,19054
2022,NMIT,ISE,OBC,19044
2022,NMIT,ISE,OBC,19034
2022,NMIT,ISE,OBC,19024
2022,NMIT,ISE,OBC,19014
2022,NMIT,ISE,OBC,19004
2022,NMIT,ISE,OBC,18994
2022,NMIT,ISE,OBC,18984
2022,NMIT,ISE,OBC,18974
2022,NMIT,ISE,OBC,18964
2022,NMIT,ISE,OBC,18954
2022,NMIT,ISE,OBC,18944
2022,NMIT,ISE,OBC,18934
2022,NMIT,ISE,OBC,18924
2022,NMIT,ISE,OBC,18914
2022,NMIT,ISE,OBC,18904
2022,NMIT,ISE,OBC,18894
2022,NMIT,ISE,OBC,18884
2022,NMIT,ISE,OBC,18874
2022,NMIT,ISE,OBC,18864
2022,NMIT,ISE,OBC,18854
2022,NMIT,ISE,OBC,18844
2022,NMIT,ISE,OBC,18834
2022,NMIT,ISE,OBC,18824
2022,NMIT,ISE,OBC,18814
2022,NMIT,ISE,OBC,18804
2022,NMIT,ISE,OBC,18794
2022,NMIT,ISE,OBC,18784
2022,NMIT,ISE,OBC,18774
2021,SMVIT,ISE,OBC,15822
2021,SMVIT,ISE,OBC,15812
2021,SMVIT,ISE,OBC,15802
2021,SMVIT,ISE,OBC,15792
2021,SMVIT,ISE,OBC,15782
2021,SMVIT,ISE,OBC,15772
2021,SMVIT,ISE,OBC,15762
2021,SMVIT,ISE,OBC,15752
2021,SMVIT,ISE,OBC,15742
2021,SMVIT,ISE,OBC,15732
2021,SMVIT,ISE,OBC,15722
2021,SMVIT,ISE,OBC,15712
2021,SMVIT,ISE,OBC,15702
2021,SMVIT,ISE,OBC,15692
2021,SMVIT,ISE,OBC,15682
2021,SMVIT,ISE,OBC,15672
2021,SMVIT,ISE,OBC,15662
2021,SMVIT,ISE,OBC,15652
2021,SMVIT,ISE,OBC,15642
2021,SMVIT,ISE,OBC,15632
2021,SMVIT,ISE,OBC,15622
2021,SMVIT,ISE,OBC,15612
2021,SMVIT,ISE,OBC,15602
2021,SMVIT,ISE,OBC,15592
2021,SMVIT,ISE,OBC,15582
2021,SMVIT,ISE,OBC,15572
2021,SMVIT,ISE,OBC,15562
2021,SMVIT,ISE,OBC,15552
2021,SMVIT,ISE,OBC,15542
2021,SMVIT,ISE,OBC,15532
2021,SMVIT,ISE,OBC,15522
2021,SMVIT,ISE,OBC,15512
2021,SMVIT,ISE,OBC,15502
2021,SMVIT,ISE,OBC,15492
2021,SMVIT,ISE,OBC,15482
2022,SMVIT,ISE,OBC,21299
2022,SMVIT,ISE,OBC,21289
2022,SMVIT,ISE,OBC,21279
2022,SMVIT,ISE,OBC,21269
2022,SMVIT,ISE,OBC,21259
2022,SMVIT,ISE,OBC,21249
2022,SMVIT,ISE,OBC,21239
2022,SMVIT,ISE,OBC,21229
2022,SMVIT,ISE,OBC,21219
2022,SMVIT,ISE,OBC,21209
2022,SMVIT,ISE,OBC,21199
2022,SMVIT,ISE,OBC,21189
2022,SMVIT,ISE,OBC,21179
2022,SMVIT,ISE,OBC,21169
2022,SMVIT,ISE,OBC,21159
2022,SMVIT,ISE,OBC,21149
2022,SMVIT,ISE,OBC,21139
2022,SMVIT,ISE,OBC,21129
2022,SMVIT,ISE,OBC,21119
2022,SMVIT,ISE,OBC,21109
2022,SMVIT,ISE,OBC,21099
2022,SMVIT,ISE,OBC,21089
2022,SMVIT,ISE,OBC,21079
2022,SMVIT,ISE,OBC,21069
2022,SMVIT,ISE,OBC,21059
2022,SMVIT,ISE,OBC,21049
2022,SMVIT,ISE,OBC,21039
2022,SMVIT,ISE,OBC,21029
2022,SMVIT,ISE,OBC,21019
2022,SMVIT,ISE,OBC,21009
2022,SMVIT,ISE,OBC,20999
2022,SMVIT,ISE,OBC,20989
2022,SMVIT,ISE,OBC,20979
2022,SMVIT,ISE,OBC,20969
2022,SMVIT,ISE,OBC,20959
2021,CMRIT,ISE,OBC,28577
2021,CMRIT,ISE,OBC,28567
2021,CMRIT,ISE,OBC,28557
2021,CMRIT,ISE,OBC,28547
2021,CMRIT,ISE,OBC,28537
2021,CMRIT,ISE,OBC,28527
2021,CMRIT,ISE,OBC,28517
2021,CMRIT,ISE,OBC,28507
2021,CMRIT,ISE,OBC,28497
2021,CMRIT,ISE,OBC,28487
2021,CMRIT,ISE,OBC,28477
2021,CMRIT,ISE,OBC,28467
2021,CMRIT,ISE,OBC,28457
2021,CMRIT,ISE,OBC,28447
2021,CMRIT,ISE,OBC,28437
2021,CMRIT,ISE,OBC,28427
2021,CMRIT,ISE,OBC,28417
2021,CMRIT,ISE,OBC,28407
2021,CMRIT,ISE,OBC,28397
2021,CMRIT,ISE,OBC,28387
2021,CMRIT,ISE,OBC,28377
2021,CMRIT,ISE,OBC,28367
2021,CMRIT,ISE,OBC,28357
2021,CMRIT,ISE,OBC,28347
2021,CMRIT,ISE,OBC,28337
2021,CMRIT,ISE,OBC,28327
2021,CMRIT,ISE,OBC,28317
2021,CMRIT,ISE,OBC,28307
2021,CMRIT,ISE,OBC,28297
2021,CMRIT,ISE,OBC,28287
2021,CMRIT,ISE,OBC,28277
2021,CMRIT,ISE,OBC,28267
2021,CMRIT,ISE,OBC,28257
2021,CMRIT,ISE,OBC,28247
2021,CMRIT,ISE,OBC,28237
2022,CMRIT,ISE,OBC,26513
2022,CMRIT,ISE,OBC,26503
2022,CMRIT,ISE,OBC,26493
2022,CMRIT,ISE,OBC,26483
2022,CMRIT,ISE,OBC,26473
2022,CMRIT,ISE,OBC,26463
2022,CMRIT,ISE,OBC,26453
2022,CMRIT,ISE,OBC,26443
2022,CMRIT,ISE,OBC,26433
2022,CMRIT,ISE,OBC,26423
2022,CMRIT,ISE,OBC,26413
2022,CMRIT,ISE,OBC,26403
2022,CMRIT,ISE,OBC,26393
2022,CMRIT,ISE,OBC,26383
2022,CMRIT,ISE,OBC,26373
2022,CMRIT,ISE,OBC,26363
2022,CMRIT,ISE,OBC,26353
2022,CMRIT,ISE,OBC,26343
2022,CMRIT,ISE,OBC,26333
2022,CMRIT,ISE,OBC,26323
2022,CMRIT,ISE,OBC,26313
2022,CMRIT,ISE,OBC,26303
2022,CMRIT,ISE,OBC,26293
2022,CMRIT,ISE,OBC,26283
2022,CMRIT,ISE,OBC,26273
2022,CMRIT,ISE,OBC,26263
2022,CMRIT,ISE,OBC,26253
2022,CMRIT,ISE,OBC,26243
2022,CMRIT,ISE,OBC,26233
2022,CMRIT,ISE,OBC,26223
2022,CMRIT,ISE,OBC,26213
2022,CMRIT,ISE,OBC,26203
2022,CMRIT,ISE,OBC,26193
2022,CMRIT,ISE,OBC,26183
2022,CMRIT,ISE,OBC,26173
2021,PRESIDENCY,ISE,OBC,58694
2021,PRESIDENCY,ISE,OBC,58684
2021,PRESIDENCY,ISE,OBC,58674
2021,PRESIDENCY,ISE,OBC,58664
2021,PRESIDENCY,ISE,OBC,58654
2021,PRESIDENCY,ISE,OBC,58644
2021,PRESIDENCY,ISE,OBC,58634
2021,PRESIDENCY,ISE,OBC,58624
2021,PRESIDENCY,ISE,OBC,58614
2021,PRESIDENCY,ISE,OBC,58604
2021,PRESIDENCY,ISE,OBC,58594
2021,PRESIDENCY,ISE,OBC,58584
2021,PRESIDENCY,ISE,OBC,58574
2021,PRESIDENCY,ISE,OBC,58564
2021,PRESIDENCY,ISE,OBC,58554
2021,PRESIDENCY,ISE,OBC,58544
2021,PRESIDENCY,ISE,OBC,58534
2021,PRESIDENCY,ISE,OBC,58524
2021,PRESIDENCY,ISE,OBC,58514
2021,PRESIDENCY,ISE,OBC,58504
2021,PRESIDENCY,ISE,OBC,58494
2021,PRESIDENCY,ISE,OBC,58484
2021,PRESIDENCY,ISE,OBC,58474
2021,PRESIDENCY,ISE,OBC,58464
2021,PRESIDENCY,ISE,OBC,58454
2021,PRESIDENCY,ISE,OBC,58444
2021,PRESIDENCY,ISE,OBC,58434
2021,PRESIDENCY,ISE,OBC,58424
2021,PRESIDENCY,ISE,OBC,58414
2021,PRESIDENCY,ISE,OBC,58404
2021,PRESIDENCY,ISE,OBC,58394
2021,PRESIDENCY,ISE,OBC,58384
2021,PRESIDENCY,ISE,OBC,58374
2021,PRESIDENCY,ISE,OBC,58364
2021,PRESIDENCY,ISE,OBC,58354
2022,PRESIDENCY,ISE,OBC,62773
2022,PRESIDENCY,ISE,OBC,62763
2022,PRESIDENCY,ISE,OBC,62753
2022,PRESIDENCY,ISE,OBC,62743
2022,PRESIDENCY,ISE,OBC,62733
2022,PRESIDENCY,ISE,OBC,62723
2022,PRESIDENCY,ISE,OBC,62713
2022,PRESIDENCY,ISE,OBC,62703
2022,PRESIDENCY,ISE,OBC,62693
2022,PRESIDENCY,ISE,OBC,62683
2022,PRESIDENCY,ISE,OBC,62673
2022,PRESIDENCY,ISE,OBC,62663
2022,PRESIDENCY,ISE,OBC,62653
2022,PRESIDENCY,ISE,OBC,62643
2022,PRESIDENCY,ISE,OBC,62633
2022,PRESIDENCY,ISE,OBC,62623
2022,PRESIDENCY,ISE,OBC,62613
2022,PRESIDENCY,ISE,OBC,62603
2022,PRESIDENCY,ISE,OBC,62593
2022,PRESIDENCY,ISE,OBC,62583
2022,PRESIDENCY,ISE,OBC,62573
2022,PRESIDENCY,ISE,OBC,62563
2022,PRESIDENCY,ISE,OBC,62553
2022,PRESIDENCY,ISE,OBC,62543
2022,PRESIDENCY,ISE,OBC,62533
2022,PRESIDENCY,ISE,OBC,62523
2022,PRESIDENCY,ISE,OBC,62513
2022,PRESIDENCY,ISE,OBC,62503
2022,PRESIDENCY,ISE,OBC,62493
2022,PRESIDENCY,ISE,OBC,62483
2022,PRESIDENCY,ISE,OBC,62473
2022,PRESIDENCY,ISE,OBC,62463
2022,PRESIDENCY,ISE,OBC,62453
2022,PRESIDENCY,ISE,OBC,62443
2022,PRESIDENCY,ISE,OBC,62433
2021,HKBK,ISE,OBC,88410
2021,HKBK,ISE,OBC,88400
2021,HKBK,ISE,OBC,88390
2021,HKBK,ISE,OBC,88380
2021,HKBK,ISE,OBC,88370
2021,HKBK,ISE,OBC,88360
2021,HKBK,ISE,OBC,88350
2021,HKBK,ISE,OBC,88340
2021,HKBK,ISE,OBC,88330
2021,HKBK,ISE,OBC,88320
2021,HKBK,ISE,OBC,88310
2021,HKBK,ISE,OBC,88300
2021,HKBK,ISE,OBC,88290
2021,HKBK,ISE,OBC,88280
2021,HKBK,ISE,OBC,88270
2021,HKBK,ISE,OBC,88260
2021,HKBK,ISE,OBC,88250
2021,HKBK,ISE,OBC,88240
2021,HKBK,ISE,OBC,88230
2021,HKBK,ISE,OBC,88220
2021,HKBK,ISE,OBC,88210
2021,HKBK,ISE,OBC,88200
2021,HKBK,ISE,OBC,88190
2021,HKBK,ISE,OBC,88180
2021,HKBK,ISE,OBC,88170
2021,HKBK,ISE,OBC,88160
2021,HKBK,ISE,OBC,88150
2021,HKBK,ISE,OBC,88140
2021,HKBK,ISE,OBC,88130
2021,HKBK,ISE,OBC,88120
2021,HKBK,ISE,OBC,88110
2021,HKBK,ISE,OBC,88100
2021,HKBK,ISE,OBC,88090
2021,HKBK,ISE,OBC,88080
2021,HKBK,ISE,OBC,88070
2022,HKBK,ISE,OBC,77195
2022,HKBK,ISE,OBC,77185
2022,HKBK,ISE,OBC,77175
2022,HKBK,ISE,OBC,77165
2022,HKBK,ISE,OBC,77155
2022,HKBK,ISE,OBC,77145
2022,HKBK,ISE,OBC,77135
2022,HKBK,ISE,OBC,77125
2022,HKBK,ISE,OBC,77115
2022,HKBK,ISE,OBC,77105
2022,HKBK,ISE,OBC,77095
2022,HKBK,ISE,OBC,77085
2022,HKBK,ISE,OBC,77075
2022,HKBK,ISE,OBC,77065
2022,HKBK,ISE,OBC,77055
2022,HKBK,ISE,OBC,77045
2022,HKBK,ISE,OBC,77035
2022,HKBK,ISE,OBC,77025
2022,HKBK,ISE,OBC,77015
2022,HKBK,ISE,OBC,77005
2022,HKBK,ISE,OBC,76995
2022,HKBK,ISE,OBC,76985
2022,HKBK,ISE,OBC,76975
2022,HKBK,ISE,OBC,76965
2022,HKBK,ISE,OBC,76955
2022,HKBK,ISE,OBC,76945
2022,HKBK,ISE,OBC,76935
2022,HKBK,ISE,OBC,76925
2022,HKBK,ISE,OBC,76915
2022,HKBK,ISE,OBC,76905
2022,HKBK,ISE,OBC,76895
2022,HKBK,ISE,OBC,76885
2022,HKBK,ISE,OBC,76875
2022,HKBK,ISE,OBC,76865
2022,HKBK,ISE,OBC,76855
2021,CAMBRIDGE,ISE,OBC,49567
2021,CAMBRIDGE,ISE,OBC,49557
2021,CAMBRIDGE,ISE,OBC,49547
2021,CAMBRIDGE,ISE,OBC,49537
2021,CAMBRIDGE,ISE,OBC,49527
2021,CAMBRIDGE,ISE,OBC,49517
2021,CAMBRIDGE,ISE,OBC,49507
2021,CAMBRIDGE,ISE,OBC,49497
2021,CAMBRIDGE,ISE,OBC,49487
2021,CAMBRIDGE,ISE,OBC,49477
2021,CAMBRIDGE,ISE,OBC,49467
2021,CAMBRIDGE,ISE,OBC,49457
2021,CAMBRIDGE,ISE,OBC,49447
2021,CAMBRIDGE,ISE,OBC,49437
2021,CAMBRIDGE,ISE,OBC,49427
2021,CAMBRIDGE,ISE,OBC,49417
2021,CAMBRIDGE,ISE,OBC,49407
2021,CAMBRIDGE,ISE,OBC,49397
2021,CAMBRIDGE,ISE,OBC,49387
2021,CAMBRIDGE,ISE,OBC,49377
2021,CAMBRIDGE,ISE,OBC,49367
2021,CAMBRIDGE,ISE,OBC,49357
2021,CAMBRIDGE,ISE,OBC,49347
2021,CAMBRIDGE,ISE,OBC,49337
2021,CAMBRIDGE,ISE,OBC,49327
2021,CAMBRIDGE,ISE,OBC,49317
2021,CAMBRIDGE,ISE,OBC,49307
2021,CAMBRIDGE,ISE,OBC,49297
2021,CAMBRIDGE,ISE,OBC,49287
2021,CAMBRIDGE,ISE,OBC,49277
2021,CAMBRIDGE,ISE,OBC,49267
2021,CAMBRIDGE,ISE,OBC,49257
2021,CAMBRIDGE,ISE,OBC,49247
2021,CAMBRIDGE,ISE,OBC,49237
2021,CAMBRIDGE,ISE,OBC,49227
2022,CAMBRIDGE,ISE,OBC,53909
2022,CAMBRIDGE,ISE,OBC,53899
2022,CAMBRIDGE,ISE,OBC,53889
2022,CAMBRIDGE,ISE,OBC,53879
2022,CAMBRIDGE,ISE,OBC,53869
2022,CAMBRIDGE,ISE,OBC,53859
2022,CAMBRIDGE,ISE,OBC,53849
2022,CAMBRIDGE,ISE,OBC,53839
2022,CAMBRIDGE,ISE,OBC,53829
2022,CAMBRIDGE,ISE,OBC,53819
2022,CAMBRIDGE,ISE,OBC,53809
2022,CAMBRIDGE,ISE,OBC,53799
2022,CAMBRIDGE,ISE,OBC,53789
2022,CAMBRIDGE,ISE,OBC,53779
2022,CAMBRIDGE,ISE,OBC,53769
2022,CAMBRIDGE,ISE,OBC,53759
2022,CAMBRIDGE,ISE,OBC,53749
2022,CAMBRIDGE,ISE,OBC,53739
2022,CAMBRIDGE,ISE,OBC,53729
2022,CAMBRIDGE,ISE,OBC,53719
2022,CAMBRIDGE,ISE,OBC,53709
2022,CAMBRIDGE,ISE,OBC,53699
2022,CAMBRIDGE,ISE,OBC,53689
2022,CAMBRIDGE,ISE,OBC,53679
2022,CAMBRIDGE,ISE,OBC,53669
2022,CAMBRIDGE,ISE,OBC,53659
2022,CAMBRIDGE,ISE,OBC,53649
2022,CAMBRIDGE,ISE,OBC,53639
2022,CAMBRIDGE,ISE,OBC,53629
2022,CAMBRIDGE,ISE,OBC,53619
2022,CAMBRIDGE,ISE,OBC,53609
2022,CAMBRIDGE,ISE,OBC,53599
2022,CAMBRIDGE,ISE,OBC,53589
2022,CAMBRIDGE,ISE,OBC,53579
2022,CAMBRIDGE,ISE,OBC,53569
2021,GLOBAL,ISE,OBC,41650
2021,GLOBAL,ISE,OBC,41640
2021,GLOBAL,ISE,OBC,41630
2021,GLOBAL,ISE,OBC,41620
2021,GLOBAL,ISE,OBC,41610
2021,GLOBAL,ISE,OBC,41600
2021,GLOBAL,ISE,OBC,41590
2021,GLOBAL,ISE,OBC,41580
2021,GLOBAL,ISE,OBC,41570
2021,GLOBAL,ISE,OBC,41560
2021,GLOBAL,ISE,OBC,41550
2021,GLOBAL,ISE,OBC,41540
2021,GLOBAL,ISE,OBC,41530
2021,GLOBAL,ISE,OBC,41520
2021,GLOBAL,ISE,OBC,41510
2021,GLOBAL,ISE,OBC,41500
2021,GLOBAL,ISE,OBC,41490
2021,GLOBAL,ISE,OBC,41480
2021,GLOBAL,ISE,OBC,41470
2021,GLOBAL,ISE,OBC,41460
2021,GLOBAL,ISE,OBC,41450
2021,GLOBAL,ISE,OBC,41440
2021,GLOBAL,ISE,OBC,41430
2021,GLOBAL,ISE,OBC,41420
2021,GLOBAL,ISE,OBC,41410
2021,GLOBAL,ISE,OBC,41400
2021,GLOBAL,ISE,OBC,41390
2021,GLOBAL,ISE,OBC,41380
2021,GLOBAL,ISE,OBC,41370
2021,GLOBAL,ISE,OBC,41360
2021,GLOBAL,ISE,OBC,41350
2021,GLOBAL,ISE,OBC,41340
2021,GLOBAL,ISE,OBC,41330
2021,GLOBAL,ISE,OBC,41320
2021,GLOBAL,ISE,OBC,41310
2022,GLOBAL,ISE,OBC,44591
2022,GLOBAL,ISE,OBC,44581
2022,GLOBAL,ISE,OBC,44571
2022,GLOBAL,ISE,OBC,44561
2022,GLOBAL,ISE,OBC,44551
2022,GLOBAL,ISE,OBC,44541
2022,GLOBAL,ISE,OBC,44531
2022,GLOBAL,ISE,OBC,44521
2022,GLOBAL,ISE,OBC,44511
2022,GLOBAL,ISE,OBC,44501
2022,GLOBAL,ISE,OBC,44491
2022,GLOBAL,ISE,OBC,44481
2022,GLOBAL,ISE,OBC,44471
2022,GLOBAL,ISE,OBC,44461
2022,GLOBAL,ISE,OBC,44451
2022,GLOBAL,ISE,OBC,44441
2022,GLOBAL,ISE,OBC,44431
2022,GLOBAL,ISE,OBC,44421
2022,GLOBAL,ISE,OBC,44411
2022,GLOBAL,ISE,OBC,44401
2022,GLOBAL,ISE,OBC,44391
2022,GLOBAL,ISE,OBC,44381
2022,GLOBAL,ISE,OBC,44371
2022,GLOBAL,ISE,OBC,44361
2022,GLOBAL,ISE,OBC,44351
2022,GLOBAL,ISE,OBC,44341
2022,GLOBAL,ISE,OBC,44331
2022,GLOBAL,ISE,OBC,44321
2022,GLOBAL,ISE,OBC,44311
2022,GLOBAL,ISE,OBC,44301
2022,GLOBAL,ISE,OBC,44291
2022,GLOBAL,ISE,OBC,44281
2022,GLOBAL,ISE,OBC,44271
2022,GLOBAL,ISE,OBC,44261
2022,GLOBAL,ISE,OBC,44251
2021,MVJ,ISE,OBC,36960
2021,MVJ,ISE,OBC,36950
2021,MVJ,ISE,OBC,36940
2021,MVJ,ISE,OBC,36930
2021,MVJ,ISE,OBC,36920
2021,MVJ,ISE,OBC,36910
2021,MVJ,ISE,OBC,36900
2021,MVJ,ISE,OBC,36890
2021,MVJ,ISE,OBC,36880
2021,MVJ,ISE,OBC,36870
2021,MVJ,ISE,OBC,36860
2021,MVJ,ISE,OBC,36850
2021,MVJ,ISE,OBC,36840
2021,MVJ,ISE,OBC,36830
2021,MVJ,ISE,OBC,36820
2021,MVJ,ISE,OBC,36810
2021,MVJ,ISE,OBC,36800
2021,MVJ,ISE,OBC,36790
2021,MVJ,ISE,OBC,36780
2021,MVJ,ISE,OBC,36770
2021,MVJ,ISE,OBC,36760
2021,MVJ,ISE,OBC,36750
2021,MVJ,ISE,OBC,36740
2021,MVJ,ISE,OBC,36730
2021,MVJ,ISE,OBC,36720
2021,MVJ,ISE,OBC,36710
2021,MVJ,ISE,OBC,36700
2021,MVJ,ISE,OBC,36690
2021,MVJ,ISE,OBC,36680
2021,MVJ,ISE,OBC,36670
2021,MVJ,ISE,OBC,36660
2021,MVJ,ISE,OBC,36650
2021,MVJ,ISE,OBC,36640
2021,MVJ,ISE,OBC,36630
2021,MVJ,ISE,OBC,36620
2022,MVJ,ISE,OBC,43575
2022,MVJ,ISE,OBC,43565
2022,MVJ,ISE,OBC,43555
2022,MVJ,ISE,OBC,43545
2022,MVJ,ISE,OBC,43535
2022,MVJ,ISE,OBC,43525
2022,MVJ,ISE,OBC,43515
2022,MVJ,ISE,OBC,43505
2022,MVJ,ISE,OBC,43495
2022,MVJ,ISE,OBC,43485
2022,MVJ,ISE,OBC,43475
2022,MVJ,ISE,OBC,43465
2022,MVJ,ISE,OBC,43455
2022,MVJ,ISE,OBC,43445
2022,MVJ,ISE,OBC,43435
2022,MVJ,ISE,OBC,43425
2022,MVJ,ISE,OBC,43415
2022,MVJ,ISE,OBC,43405
2022,MVJ,ISE,OBC,43395
2022,MVJ,ISE,OBC,43385
2022,MVJ,ISE,OBC,43375
2022,MVJ,ISE,OBC,43365
2022,MVJ,ISE,OBC,43355
2022,MVJ,ISE,OBC,43345
2022,MVJ,ISE,OBC,43335
2022,MVJ,ISE,OBC,43325
2022,MVJ,ISE,OBC,43315
2022,MVJ,ISE,OBC,43305
2022,MVJ,ISE,OBC,43295
2022,MVJ,ISE,OBC,43285
2022,MVJ,ISE,OBC,43275
2022,MVJ,ISE,OBC,43265
2022,MVJ,ISE,OBC,43255
2022,MVJ,ISE,OBC,43245
2022,MVJ,ISE,OBC,43235
2021,AMC,ISE,OBC,54434
2021,AMC,ISE,OBC,54424
2021,AMC,ISE,OBC,54414
2021,AMC,ISE,OBC,54404
2021,AMC,ISE,OBC,54394
2021,AMC,ISE,OBC,54384
2021,AMC,ISE,OBC,54374
2021,AMC,ISE,OBC,54364
2021,AMC,ISE,OBC,54354
2021,AMC,ISE,OBC,54344
2021,AMC,ISE,OBC,54334
2021,AMC,ISE,OBC,54324
2021,AMC,ISE,OBC,54314
2021,AMC,ISE,OBC,54304
2021,AMC,ISE,OBC,54294
2021,AMC,ISE,OBC,54284
2021,AMC,ISE,OBC,54274
2021,AMC,ISE,OBC,54264
2021,AMC,ISE,OBC,54254
2021,AMC,ISE,OBC,54244
2021,AMC,ISE,OBC,54234
2021,AMC,ISE,OBC,54224
2021,AMC,ISE,OBC,54214
2021,AMC,ISE,OBC,54204
2021,AMC,ISE,OBC,54194
2021,AMC,ISE,OBC,54184
2021,AMC,ISE,OBC,54174
2021,AMC,ISE,OBC,54164
2021,AMC,ISE,OBC,54154
2021,AMC,ISE,OBC,54144
2021,AMC,ISE,OBC,54134
2021,AMC,ISE,OBC,54124
2021,AMC,ISE,OBC,54114
2021,AMC,ISE,OBC,54104
2021,AMC,ISE,OBC,54094
2022,AMC,ISE,OBC,66303
2022,AMC,ISE,OBC,66293
2022,AMC,ISE,OBC,66283
2022,AMC,ISE,OBC,66273
2022,AMC,ISE,OBC,66263
2022,AMC,ISE,OBC,66253
2022,AMC,ISE,OBC,66243
2022,AMC,ISE,OBC,66233
2022,AMC,ISE,OBC,66223
2022,AMC,ISE,OBC,66213
2022,AMC,ISE,OBC,66203
2022,AMC,ISE,OBC,66193
2022,AMC,ISE,OBC,66183
2022,AMC,ISE,OBC,66173
2022,AMC,ISE,OBC,66163
2022,AMC,ISE,OBC,66153
2022,AMC,ISE,OBC,66143
2022,AMC,ISE,OBC,66133
2022,AMC,ISE,OBC,66123
2022,AMC,ISE,OBC,66113
2022,AMC,ISE,OBC,66103
2022,AMC,ISE,OBC,66093
2022,AMC,ISE,OBC,66083
2022,AMC,ISE,OBC,66073
2022,AMC,ISE,OBC,66063
2022,AMC,ISE,OBC,66053
2022,AMC,ISE,OBC,66043
2022,AMC,ISE,OBC,66033
2022,AMC,ISE,OBC,66023
2022,AMC,ISE,OBC,66013
2022,AMC,ISE,OBC,66003
2022,AMC,ISE,OBC,65993
2022,AMC,ISE,OBC,65983
2022,AMC,ISE,OBC,65973
2022,AMC,ISE,OBC,65963
2021,DONBOSCO,ISE,OBC,76023
2021,DONBOSCO,ISE,OBC,76013
2021,DONBOSCO,ISE,OBC,76003
2021,DONBOSCO,ISE,OBC,75993
2021,DONBOSCO,ISE,OBC,75983
2021,DONBOSCO,ISE,OBC,75973
2021,DONBOSCO,ISE,OBC,75963
2021,DONBOSCO,ISE,OBC,75953
2021,DONBOSCO,ISE,OBC,75943
2021,DONBOSCO,ISE,OBC,75933
2021,DONBOSCO,ISE,OBC,75923
2021,DONBOSCO,ISE,OBC,75913
2021,DONBOSCO,ISE,OBC,75903
2021,DONBOSCO,ISE,OBC,75893
2021,DONBOSCO,ISE,OBC,75883
2021,DONBOSCO,ISE,OBC,75873
2021,DONBOSCO,ISE,OBC,75863
2021,DONBOSCO,ISE,OBC,75853
2021,DONBOSCO,ISE,OBC,75843
2021,DONBOSCO,ISE,OBC,75833
2021,DONBOSCO,ISE,OBC,75823
2021,DONBOSCO,ISE,OBC,75813
2021,DONBOSCO,ISE,OBC,75803
2021,DONBOSCO,ISE,OBC,75793
2021,DONBOSCO,ISE,OBC,75783
2021,DONBOSCO,ISE,OBC,75773
2021,DONBOSCO,ISE,OBC,75763
2021,DONBOSCO,ISE,OBC,75753
2021,DONBOSCO,ISE,OBC,75743
2021,DONBOSCO,ISE,OBC,75733
2021,DONBOSCO,ISE,OBC,75723
2021,DONBOSCO,ISE,OBC,75713
2021,DONBOSCO,ISE,OBC,75703
2021,DONBOSCO,ISE,OBC,75693
2021,DONBOSCO,ISE,OBC,75683
2022,DONBOSCO,ISE,OBC,64621
2022,DONBOSCO,ISE,OBC,64611
2022,DONBOSCO,ISE,OBC,64601
2022,DONBOSCO,ISE,OBC,64591
2022,DONBOSCO,ISE,OBC,64581
2022,DONBOSCO,ISE,OBC,64571
2022,DONBOSCO,ISE,OBC,64561
2022,DONBOSCO,ISE,OBC,64551
2022,DONBOSCO,ISE,OBC,64541
2022,DONBOSCO,ISE,OBC,64531
2022,DONBOSCO,ISE,OBC,64521
2022,DONBOSCO,ISE,OBC,64511
2022,DONBOSCO,ISE,OBC,64501
2022,DONBOSCO,ISE,OBC,64491
2022,DONBOSCO,ISE,OBC,64481
2022,DONBOSCO,ISE,OBC,64471
2022,DONBOSCO,ISE,OBC,64461
2022,DONBOSCO,ISE,OBC,64451
2022,DONBOSCO,ISE,OBC,64441
2022,DONBOSCO,ISE,OBC,64431
2022,DONBOSCO,ISE,OBC,64421
2022,DONBOSCO,ISE,OBC,64411
2022,DONBOSCO,ISE,OBC,64401
2022,DONBOSCO,ISE,OBC,64391
2022,DONBOSCO,ISE,OBC,64381
2022,DONBOSCO,ISE,OBC,64371
2022,DONBOSCO,ISE,OBC,64361
2022,DONBOSCO,ISE,OBC,64351
2022,DONBOSCO,ISE,OBC,64341
2022,DONBOSCO,ISE,OBC,64331
2022,DONBOSCO,ISE,OBC,64321
2022,DONBOSCO,ISE,OBC,64311
2022,DONBOSCO,ISE,OBC,64301
2022,DONBOSCO,ISE,OBC,64291
2022,DONBOSCO,ISE,OBC,64281
